<settings>
  <sel>
    <col>True</col>
    <mon>False</mon>
    <thumbheight>111</thumbheight>
    <thumbwidth>146</thumbwidth>
    <thumbformat>1</thumbformat>
    <minwidth>332</minwidth>
    <interface>True</interface>
    <resolution>200</resolution>
    <pixeltype>0</pixeltype>
    <contrast>0</contrast>
    <brightness>0</brightness>
    <papersize>A4</papersize>
    <wndwidth>1024</wndwidth>
    <wndheight>688</wndheight>
    <wndtop>-4</wndtop>
    <wndleft>-4</wndleft>
    <allpages>True</allpages>
    <color>True</color>
    <pdf>True</pdf>
    <enabledduplex>False</enabledduplex>
    <enabledfeeder>False</enabledfeeder>
    <scannername>HP Scanjet 1000.</scannername>
  </sel>
</settings>