<?xml version="1.0" encoding="Windows-1252"?>

<Printer>

   <PrinterType>DYMO</PrinterType>
   <PrinterName>DYMO LabelWriter 450 Turbo</PrinterName>
   <PrinterLanguage>DYMO</PrinterLanguage>
   <PrinterLabelName>C:/Users/degiosam/Desktop/ParsecPrinting/ParsecPrinting/bin/Debug/Indirizzo.label</PrinterLabelName>



  <Commands>


     <Command>
       <Type>ImageCommand</Type>
       <Left>-2</Left>
       <Top>-3</Top>
       <Width>7</Width>
       <Height>7</Height>
      </Command>
   


    <Command>
       <Text>Comune di Acquaviva delle Fonti</Text>
        <Type>LabelCommand</Type>
        <Left>8</Left>
        <Top>-1</Top>
        <Width>55</Width>
        <Height>5</Height>
        <Font>Arial,9,Regular</Font>
        <Rotation>0</Rotation>
     </Command>


    <Command>
       <Text>Prot.</Text>
        <Type>LabelCommand</Type>
        <Left>-3</Left>
        <Top>5</Top>
        <Width>20</Width>
        <Height>5</Height>
        <Font>Arial,7,Regular</Font>
        <Rotation>0</Rotation>
     </Command>

   <Command>
        <Text>Descrizione</Text>
        <Left>4</Left>
        <Top>5</Top>
        <Width>60</Width>
        <Height>5</Height>
        <Type>TextCommand</Type>
         <Font>Arial,9,Regular</Font>
        <Rotation>0</Rotation>
     </Command>


     <Command>
       <Text>/</Text>
        <Type>LabelCommand</Type>
        <Left>18</Left>
        <Top>5</Top>
        <Width>20</Width>
        <Height>5</Height>
        <Font>Arial,9,Regular</Font>
        <Rotation>0</Rotation>
     </Command>

     <Command>
        <Text>Tipologia</Text>
        <Left>20</Left>
        <Top>5</Top>
        <Width>20</Width>
        <Height>5</Height>
        <Type>TextCommand</Type>
         <Font>Arial,9,Regular</Font>
        <Rotation>0</Rotation>
     </Command>


    

    <Command>
       <Text>del</Text>
        <Type>LabelCommand</Type>
        <Left>24</Left>
        <Top>5</Top>
        <Width>20</Width>
        <Height>5</Height>
        <Font>Arial,7,Regular</Font>
        <Rotation>0</Rotation>
     </Command>


   <Command>
        <Text>DataRegistrazione</Text>
        <Left>29</Left>
        <Top>5</Top>
        <Width>30</Width>
        <Height>5</Height>
        <Type>TextCommand</Type>
         <Font>Arial,9,Regular</Font>
        <Rotation>0</Rotation>
     </Command>


    <Command>
       <Text>Class.</Text>
        <Type>LabelCommand</Type>
        <Left>-3</Left>
        <Top>9</Top>
        <Width>20</Width>
        <Height>5</Height>
        <Font>Arial,7,Regular</Font>
        <Rotation>0</Rotation>
     </Command>



   <Command>
        <Text>Classificazione</Text>
        <Left>7</Left>
        <Top>9</Top>
        <Width>45</Width>
        <Height>5</Height>
        <Type>TextCommand</Type>
        <Font>Arial,7,Regular</Font>
        <Rotation>0</Rotation>
     </Command>


     <Command>
       <Type>BarCodeCommand</Type>
        <Symbology>Ean13</Symbology>
        <Text>NumeroProtocollo</Text>
        <Left>0</Left>
        <Top>13</Top>
        <Width>60</Width>
        <Height>8</Height>
        <Font>Arial,7,Regular</Font>
        <TextPosition>None</TextPosition>
        <Rotation>0</Rotation>
    </Command>
    
    
      <Command>
       <Type>PrintCommand</Type>
      </Command>
  


</Commands>

</Printer>